,Unnamed: 0.1,NPI,PROVIDER NAME,ADDRESS LINE 1,ADDRESS LINE 2,CITY,STATE,ZIP,MEDICARE ID EFFECTIVE DATE,PHONE,address,lat,lon
0,0,1003362484,BHG XLII LLC,5715 PRINCESS ANNE RD,,VIRGINIA BEACH,VA,23462-3222,1/1/2020,7579620748,"5715 princess anne rd,Virginia beach,VA,23462,US",36.8399115,-76.18386029999999
1,1,1003571647,METRO TREATMENT OF FLORIDA LP,"1241 BLANDING BLVD, STE 5",NEW SEASON TREATMENT CENTER 21,ORANGE PARK,FL,32065-5908,1/1/2020,9046700820,"1241 blanding blvd,Orange park,FL,32065,US",30.1256258,-81.79199179999999
2,2,1003969767,RICHMOND TREATMENT CENTER LLC,4265 S A ST,,RICHMOND,IN,47374-6049,1/1/2020,7659628843,"4265 s a,Richmond,IN,47374,US",39.826817,-84.8429589
3,3,1013141977,DISCOVERY HOUSE BC LLC,3438 ROUTE 764,DISCOVERY HOUSE DUNCANSVILLE DHBC,DUNCANSVILLE,PA,16635-7803,1/1/2020,8149447000,"3438 route 764,Duncansville,PA,16635,US",40.4617039,-78.4266218
4,4,1013345065,MONTEFIORE MOUNT VERNON HOSPITAL,3 S 6TH AVE,,MOUNT VERNON,NY,10550-3197,2/7/2021,9146648000,"3 s 6th ave,Mount vernon,NY,10550,US",40.9109397,-73.8386441
5,5,1013509959,COMPREHENSIVE BEHAVIORAL HEALTH INC,5300 W ALAMEDA AVE,,LAKEWOOD,CO,80226-3606,1/1/2020,3038854774,"5300 w alameda ave,Lakewood,CO,80226,US",39.7107805,-105.0548739
6,6,1013924372,METROPOLITAN HOSPITAL CENTER,"1900 SECOND AVE, 99TH ST",RM 2M29,NEW YORK,NY,10029-7494,3/6/2021,2124237722,"1900 second ave,New york,NY,10029,US",40.7856092,-73.9458441
7,7,1023591039,"TTC, LLC",1912 COMMERCE AVE,,CULLMAN,AL,35055-6150,1/1/2020,2567395595,"1912 commerce ave,Cullman,AL,35055,US",34.2049074,-86.87521939999999
8,8,1033505003,LINCOLN TREATMENT CENTER LLC,4305 O ST,BAART PROGRAMS LINCOLN,LINCOLN,NE,68510-1754,12/7/2022,4024882122,"4305 o,Lincoln,NE,68510,US",40.8132003,-96.6594376
9,9,1033624853,EAST TENNESSEE HEALTHCARE,203 GRAY COMMONS CIR,STE 110,GRAY,TN,37615-5407,1/1/2020,4234672800,"203 gray commons cir,Gray,TN,37615,US",36.3970254,-82.48910850000001
10,10,1043345119,DUANE DEAN BEHAVIORAL HEALTH CENTER,700 E COURT ST,,KANKAKEE,IL,60901-4131,1/7/2020,8159390125,"700 e court,Kankakee,IL,60901,US",41.11920569999999,-87.85663090000001
11,11,1043421985,"CHEMICAL ABUSE SERVICES AGENCY, INC",426 EAST ST,,NEW HAVEN,CT,06511-5018,1/1/2020,2034957710,"426 east,New haven,CT,06511,US",41.3105518,-72.9101014
12,12,1043431927,TACOMA PIERCE COUNTY HEALTH DEPT,3629 S D ST,,TACOMA,WA,98418-6813,1/1/2020,2537986576,"3629 s d,Tacoma,WA,98418,US",47.225172,-122.4351003
13,13,1043720113,"HABIT OPCO, LLC",20 MARKET ST,,MANCHESTER,NH,03101-1957,1/1/2020,6036224747,"20 market,Manchester,NH,03101,US",42.9902196,-71.4638398
14,14,1053556365,NEW HORIZONS TREATMENT CENTER INC,36 CHATEAU CT SE,,ROME,GA,30161-7264,1/1/2020,7062339603,"36 chateau ct se,Rome,GA,30161,US",34.2210083,-85.1556037
15,15,1053918128,DISCOVERY HOUSE WC INC,11 NORTH ST,,PRESQUE ISLE,ME,4769,1/1/2020,2077073001,"11 north,Presque isle,ME,4769,US",46.6888084,-68.0111735
16,16,1063628170,SOUTHSIDE TREATMENT CENTER,9609 JEFFERSON DAVIS HWY,,RICHMOND,VA,23237-4621,1/1/2020,8042751116,"9609 jefferson davis hwy,Richmond,VA,23237,US",37.3942882,-77.4287403
17,17,1063637817,"LOWER EASTSIDE SERVICE CENTER, INC.",46 E BROADWAY,,NEW YORK,NY,10002-6803,1/1/2020,2123433520,"46 e broadway,New york,NY,10002,US",40.7137873,-73.9958864
18,18,1063637817,"LOWER EASTSIDE SERVICE CENTER, INC.",62 E BROADWAY,,NEW YORK,NY,10002-6844,1/1/2020,2123433520,"62 e broadway,New york,NY,10002,US",40.7138376,-73.9951519
19,19,1063702330,ICAN COMMUNITY SERVICES INC NFP,15475 S PARK AVE,STE 109,SOUTH HOLLAND,IL,60473-1377,7/14/2021,7085965680,"15475 s park ave,South holland,IL,60473,US",41.61323180000001,-87.6069893
20,20,1073535027,BELLEVUE HOSPITAL CENTER,462 FIRST AVENUE,,NEW YORK,NY,10016-9196,1/1/2020,2125626172,"462 first avenue,New york,NY,10016,US",40.7390729,-73.9750165
21,21,1073546354,CENTER FOR COMPREHENSIVE HEALTH PRA,1900 2ND AVE,FL 12,NEW YORK,NY,10029-7406,3/1/2020,2123617824,"1900 2nd ave,New york,NY,10029,US",40.7856092,-73.9458441
22,22,1083081616,"PINNACLE TREATMENT CENTERS PA-VI, L",11127 PERRY HWY,,MEADVILLE,PA,16335-6557,1/1/2020,8143377431,"11127 perry hwy,Meadville,PA,16335,US",41.6190503,-80.2024349
23,23,1093282881,SACRED HEART REHAB CTR INC,19611 E 8 MILE RD,,SAINT CLAIR SHORES,MI,48080-1655,1/1/2020,8107321652,"19611 e 8 mile rd,Saint clair shores,MI,48080,US",42.450927,-82.9271033
24,24,1093297673,SUNRISE DETOX MILLBURY LLC,29 MAIN ST,,MILLBURY,MA,01527-2005,4/18/2023,5085815225,"29 main,Millbury,MA,01527,US",42.189295,-71.7588382
25,25,1093849994,METRO TREATMENT OF NEW HAMPSHIRE LP,100 HALL ST,,CONCORD,NH,03301-3408,1/1/2020,6032294260,"100 hall,Concord,NH,03301,US",43.187051,-71.5248459
26,26,1093859878,ALDIE FOUNDATION,11 WELDEN DRIVE,,DOYLESTOWN,PA,18901-2359,1/1/2020,2153458530x107,"11 welden drive,Doylestown,PA,18901,US",40.3339994,-75.144277
27,27,1093891699,CITY OF PORTSMOUTH,1811 KING ST,,PORTSMOUTH,VA,23704-3032,1/11/2020,7573935404,"1811 king,Portsmouth,VA,23704,US",36.83383500000001,-76.32110899999999
28,28,1104901941,JAMESTOWN S'KLALLAM TRIBE,526 S 9TH AVE,,SEQUIM,WA,98382-3626,10/15/2022,3606817755,"526 s 9th ave,Sequim,WA,98382,US",48.07528569999999,-123.1215889
29,29,1114093523,SOUTH BROOKLYN MEDICAL ADMINISTRATI,685 3RD AVE,,BROOKLYN,NY,11232-1108,1/1/2020,7187882594x117,"685 3rd ave,Brooklyn,NY,11232,US",40.663909,-73.9971896
30,30,1114398799,MEDMARK TREATMENT CENTERS OF ALABAM,9283 W US 84,,NEWTON,AL,36352-8207,1/1/2020,3346924455,"9283 w us 84,Newton,AL,36352,US",31.2387103,-85.5413315
31,31,1114938594,THE COMMUNITY ACTION ORGANIZATION O,1237 MAIN ST,,BUFFALO,NY,14209-2111,1/9/2020,7168849101,"1237 main,Buffalo,NY,14209,US",42.9072746,-78.86697459999999
32,32,1124102611,FAMILY GUIDANCE CENTERS INC,310 W CHICAGO AVE,,CHICAGO,IL,60654-5106,4/1/2020,2246597030,"310 w chicago ave,Chicago,IL,60654,US",41.8967625,-87.6363993
33,33,1124160080,WESTERN PACIFIC MED-CORP,4838 LAUREL CANYON BLVD,,NORTH HOLLYWOOD,CA,91607-3717,1/1/2020,8185064455,"4838 laurel canyon blvd,North hollywood,CA,91607,US",34.158709,-118.3962738
34,34,1124235262,METRO TREATMENT OF GEORGIA LP,6500 MCDONOUGH DR,STE B2,NORCROSS,GA,30093-1235,1/1/2020,7702427865,"6500 mcdonough dr,Norcross,GA,30093,US",33.905458,-84.2166404
35,35,1124533930,"CLARKSBURG TREATMENT CENTER, LLC",706 OAKMOUND RD,,CLARKSBURG,WV,26301-9398,1/1/2020,3046227511,"706 oakmound rd,Clarksburg,WV,26301,US",39.265571,-80.372936
36,36,1134184658,COMPDRUG,547 E 11TH AVE,,COLUMBUS,OH,43211-2603,1/1/2020,6142244506x236,"547 e 11th ave,Columbus,OH,43211,US",39.9937828,-82.9919105
37,37,1134342165,ALDIE FOUNDATION,2291 CABOT BLVD W,,LANGHORNE,PA,19047-1806,1/1/2020,2156423230,"2291 cabot blvd w,Langhorne,PA,19047,US",40.1915127,-74.86830259999999
38,38,1134559917,CENTER FOR BEHAVIORAL INDIANA INC,3910 LIMA RD,,FORT WAYNE,IN,46805-1031,1/1/2020,2604206010,"3910 lima rd,Fort wayne,IN,46805,US",41.113553,-85.1449039
39,39,1134565740,AEGIS TREATMENT CENTERS LLC,955 W CENTER ST,STE 12A&14,MANTECA,CA,95337-7300,1/1/2020,2092399600,"955 w center,Manteca,CA,95337,US",37.799443,-121.230011
40,40,1134648439,"TTC, LLC",4204 EDMONTON DR,,BESSEMER,AL,35022-4878,1/1/2020,2054251200,"4204 edmonton dr,Bessemer,AL,35022,US",33.3682008,-86.93972199999999
41,41,1144228016,CENTER FOR BEHAVIORAL HEALTH HA LLC,3601 N PROGRESS AVE,DISCOVERY HOUSE HARRISBURG,HARRISBURG,PA,17110-9100,1/1/2020,7172337290,"3601 n progress ave,Harrisburg,PA,17110,US",40.3182846,-76.8565566
42,42,1154414183,HARBORTOWN TREATMENT PLLC,1022 E MAIN ST,,BENTON HARBOR,MI,49022-3036,1/1/2020,2699260015,"1022 e main,Benton harbor,MI,49022,US",42.1174204,-86.4340326
43,43,1154637429,MISSION TREATMENT CENTERS INC,1536 N BOULDER HWY,,HENDERSON,NV,89011-4120,1/1/2020,7025588600,"1536 n boulder hwy,Henderson,NV,89011,US",36.05996,-115.0042673
44,44,1154889665,HARBOR SPRINGS COUNSELING SERVICES,1790 MULKEY RD,STE 3A,AUSTELL,GA,30106-1122,4/6/2020,7706939388,"1790 mulkey rd,Austell,GA,30106,US",33.8596342,-84.60529389999999
45,45,1164048492,FOUR CORNERS COMMUNITY BEHAVIORAL H,77 S 600 E,STE C,PRICE,UT,84501-3174,6/10/2020,4356377200,"77 s 600 e,Price,UT,84501,US",39.5987215,-110.7993199
46,46,1164641676,NORTHERN MICHIGAN ABUSE SRVCS INC,2136 W M 32,,GAYLORD,MI,49735-9282,1/1/2020,9897321791,"2136 w m 32,Gaylord,MI,49735,US",45.0275126,-84.6747523
47,47,1174040034,CROSSROADS TREATMENT CENTER OF NORT,1974 WALTON NICHOLSON PIKE,,INDEPENDENCE,KY,41051-7906,1/1/2020,8008056989,"1974 walton nicholson pike,Independence,KY,41051,US",38.9063765,-84.5494068
48,48,1174283253,"MARTINSVILLE TREATMENT SERVICES, LL",8500 AL PHILPOTT HWY,STE 3,MARTINSVILLE,VA,24112-1495,12/14/2022,2762269925,"8500 al philpott hwy,Martinsville,VA,24112,US",36.6933756,-79.83054969999999
49,49,1174544092 1962423889,"BI-VALLEY MEDICAL CLINIC, INC.",310 HARRIS AVE,"STE A, E, F, G",SACRAMENTO,CA,95823-2627,1/1/2020,9166496793,"310 harris ave,Sacramento,CA,95823,US",38.6381237,-121.4585237
50,50,1184071151,"PINNACLE TREATMENT CENTERS NJ-I, LL",2001 ROUTE 37 E,,TOMS RIVER,NJ,08753-7168,1/1/2020,7322889322,"2001 route 37 e,Toms river,NJ,08753,US",39.9505591,-74.1422086
51,51,1184607400,DISCOVERY HOUSE - UC INC,714 S STATE ST,,OREM,UT,84058-6366,1/1/2020,8014266565,"714 s,Orem,UT,84058,US",40.2841978,-111.6918265
52,52,1205259801,"ARS OF VIRGINIA, LLC",210 FRONT ROYAL PIKE,,WINCHESTER,VA,22602-7313,1/1/2020,5405458794,"210 front royal pike,Winchester,VA,22602,US",39.1589053,-78.1581844
53,53,1205582822,"TX OTP, LLC",2100 N HWY 360,STE 1904 MAT TEXAS,GRAND PRAIRIE,TX,75050-1040,3/4/2022,4694607090,"2100 n hwy 360,Grand prairie,TX,75050,US",32.7878602,-97.057715
54,54,1215030861,CALIFORNIA TREATMENT SERVICES LLC,2101 E 1ST ST,,SANTA ANA,CA,92705-4007,1/1/2020,7145423581,"2101 e 1st,Santa ana,CA,92705,US",33.7458927,-117.8369582
55,55,1215098348,ARS OF SOMERS POINT LLC,1409 CANTILLON BLVD,,MAYS LANDING,NJ,08330-2023,1/1/2020,6096018611,"1409 cantillon blvd,Mays landing,NJ,08330,US",39.4412213,-74.7077807
56,56,1215171293,"RADIUS FOUNDATION, INC",11952 S HARLEM AVE,STE 100,PALOS HEIGHTS,IL,60463-1386,12/1/2021,7089230800,"11952 s harlem ave,Palos heights,IL,60463,US",41.6737572,-87.79727439999999
57,57,1215235213,CENTER FOR BEHAVIORAL HEALTH LAS VE,3050 E DESERT INN RD,STE 116,LAS VEGAS,NV,89121-3872,1/1/2020,7027960660,"3050 e desert inn rd,Las vegas,NV,89121,US",36.1304974,-115.1081755
58,58,1215379862,"METRO TREATMENT OF FLORIDA, LP","3574 US 1 S, STE 101",ST AUGUSTINE METRO TREATMENT CENTER,ST AUGUSTINE,FL,32086-6467,1/1/2020,9042177161,"3574 us 1 s,St augustine,FL,32086,US",29.8279998,-81.32097449999999
59,59,1215659412,SUNRISE TREATMENT CENTER,247 CIC BLVD.,,WEST UNION,OH,45693,1/1/2020,5139414999,"247 cic blvd.,West union,OH,45693,US",38.7887966,-83.559823
60,60,1215947775,"WCHS, INC.",1330 N INDIAN CANYON DR,,PALM SPRINGS,CA,92262-4880,1/1/2020,7603229065,"1330 n indian canyon dr,Palm springs,CA,92262,US",33.8414415,-116.5452014
61,61,1225182215,WMRS INC,11604 BEDFORD ROAD,WESTERN MARYLAND RECOVERY SERVICE,CUMBERLAND,MD,21502-6805,1/1/2020,3017241144,"11604 bedford road,Cumberland,MD,21502,US",39.6824948,-78.7341407
62,62,1225570195,CROSSROADS TREATMENT CENTER OF DANV,1555 MEADOWVIEW DR,STE 5,DANVILLE,VA,24541-7352,1/1/2020,8008056989,"1555 meadowview dr,Danville,VA,24541,US",36.6054446,-79.52675280000001
63,63,1235205584,ADDICTION MEDICINE AND HEALTH ADVOC,928 MARKET ST,,PHILADELPHIA,PA,19107-4226,11/7/2022,2159234202x104,"928 market,Philadelphia,PA,19107,US",39.9513162,-75.15619749999999
64,64,1235256439,PATERSON COUNSELING CENTER INC,319-321 MAIN ST,,PATERSON,NJ,07505-1805,2/25/2020,9735238316x7222,"319-321 main,Paterson,NJ,07505,US",40.9142599,-74.1730745
65,65,1245482793,CROSSROADS TREATEMENT CENTER OF GRE,2706 N CHURCH ST,,GREENSBORO,NC,27405-3657,1/1/2020,8668669277,"2706 n church,Greensboro,NC,27405,US",36.1129514,-79.7808879
66,66,1245892470,WALTER B JONES CENTER WOODSIDE,2577 W FIFTH ST,,GREENVILLE,NC,27834-7813,11/6/2020,2528303426,"2577 w fifth,Greenville,NC,27834,US",35.6158714,-77.4127745
67,67,1255059481,PINNACLE TREATMENT CENTERS NJ-III L,1200 S. WHITE HORSE PIKE,"SUITES 8,9,10, 11",SOMERDALE,NJ,8083,1/1/2020,8567927513,"1200 s. white horse pike,Somerdale,NJ,8083,US",39.8350151,-75.0051866
68,68,1255312203,MAN ALIVE INC,2117 MARYLAND AVE,,BALTIMORE,MD,21218-5614,1/1/2020,4108374292,"2117 maryland ave,Baltimore,MD,21218,US",39.3137019,-76.6177818
69,69,1255372108,NEW ERA REHABILITATION CENTER INC,4675 MAIN STREET,"GROUND FLOOR, REAR ENTRANCE",BRIDGEPORT,CT,06606-1813,7/6/2021,2033440025,"4675 main,Bridgeport,CT,06606,US",41.2232525,-73.2188109
70,70,1265101661,"PINNACLE TREATMENT CENTERS NJ-I, LL",411 US HIGHWAY 9,STE 1,LANOKA HARBOR,NJ,08734-2818,1/1/2020,6093574428,"411 us highway 9,Lanoka harbor,NJ,08734,US",39.8532254,-74.1807397
71,71,1265187389,SUNRISE TREATMENT CENTER,1421 PARKER CT,,SPRINGFIELD,OH,45504-2855,1/1/2020,5139414999,"1421 parker ct,Springfield,OH,45504,US",39.9274136,-83.8349971
72,72,1265647853,HICKORY METRO TREATMENT CENTER,1611 CASTLE HAYNE RD,BLDG C,WILMINGTON,NC,28401-8859,1/1/2020,9102516644,"1611 castle hayne rd,Wilmington,NC,28401,US",34.2677467,-77.9321982
73,73,1265665954,"NORTHPOINTE COUNCIL, INC.",TROTT ACCESS CENTER,1001 11TH ST,NIAGARA FALLS,NY,14301-1201,10/16/2021,7162821228,"Trott access center,Niagara falls,NY,14301,US",43.0989333,-79.0495598
74,74,1275073546,ARS OF NEW JERSEY LLC,110 AMERICAN BLVD,STE 5,TURNERSVILLE,NJ,08012-1767,5/28/2021,8563525999,"110 american blvd,Turnersville,NJ,08012,US",39.7245999,-75.03473819999999
75,75,1275698615,AEGIS TREATMENT CENTERS LLC,125 W F ST,STE 101,ONTARIO,CA,91762-3201,1/1/2020,9099864550,"125 w f,Ontario,CA,91762,US",34.0691304,-117.6521657
76,76,1275804205,AMERICAN ADDICTION TREATMENT SERVIC,1496 N BEALE RD,,MARYSVILLE,CA,95901-6205,1/24/2020,5307498640,"1496 n beale rd,Marysville,CA,95901,US",39.1265831,-121.5615238
77,77,1285042911,"NEW JOURNEY, INC.",32 DEFENSE ST,,ANNAPOLIS,MD,21401-3103,1/1/2020,4439497150,"32 defense,Annapolis,MD,21401,US",38.9843339,-76.5385044
78,78,1285057638,BHG XXXI LLC,640 US HIGHWAY 51 BYP E,STE M,DYERSBURG,TN,38024-2067,1/1/2020,7312856535,"640 us highway 51 byp e,Dyersburg,TN,38024,US",36.0560016,-89.3771778
79,79,1285801589,NORTH TEXAS ADDICTION COUNSELING,3539 NW JIM WRIGHT FWY,,FORT WORTH,TX,76106-3201,1/1/2020,6822241441,"3539 nw jim wright fwy,Fort worth,TX,76106,US",32.8147394,-97.4084109
80,80,1295224178,METRO TREATMENT OF NEW HAMPSHIRE LP,880 CENTRAL ST,STE 10,FRANKLIN,NH,03235-2040,1/1/2020,6036713215,"880 central,Franklin,NH,03235,US",43.44784079999999,-71.6268221
81,81,1306242821,NEW DIRECTIONS HEALTHCARE LLC,306 W 11TH ST,2ND FLOOR,ERIE,PA,16501-1705,1/1/2020,8142406216,"306 w 11th,Erie,PA,16501,US",42.1225381,-80.08863649999999
82,82,1306514583,"BHG XLIX, LLC",176 CUDE LN,,MADISON,TN,37115-2202,12/3/2021,6152816757,"176 cude ln,Madison,TN,37115,US",36.2973636,-86.69590199999999
83,83,1316503584 1942728282,"PREMIER CARE OF OHIO, LLC",2727 SAINT JOHNS RD,STE D,LIMA,OH,45804-4029,1/1/2020,5679409145,"2727 saint johns rd,Lima,OH,45804,US",40.7016194,-84.0894984
84,84,1326181264,NARCOTICS PREVENTION ASSOCIATION IC,942 S ATLANTIC BLVD,,LOS ANGELES,CA,90022-4004,6/16/2022,3232639700,"942 s atlantic blvd,Los angeles,CA,90022,US",34.0191626,-118.157438
85,85,1326209925,VCPHCS XII LLC,5250 LEETSDALE DR # 220,BHG DENVER TREATMENT CENTER,DENVER,CO,80246-1438,1/1/2020,3036295293,"5250 leetsdale dr # 220,Denver,CO,80246,US",39.7072701,-104.9261877
86,86,1326354697,MISSION TREATMENT CENTERS INC,2887 S MARYLAND PKWY,,LAS VEGAS,NV,89109-1511,1/1/2020,7024744104,"2887 s maryland pkwy,Las vegas,NV,89109,US",36.1373521,-115.137396
87,87,1326511882,FAMILY GUIDANCE CENTERS INC,333 W EVERGREEN ST,,MANTENO,IL,60950-9329,4/1/2020,8154686556,"333 w evergreen,Manteno,IL,60950,US",41.2293739,-87.8080102
88,88,1326689076,CRC RECOVERY INC,1750 W BROADWAY,,COUNCIL BLUFFS,IA,51501-3814,3/4/2021,7122156588,"1750 w broadway,Council bluffs,IA,51501,US",41.2622344,-95.8705452
89,89,1336270446,WEST TEXAS COUNSELING & REHABILITAT,2610 EXCHANGE PLZ,"WTCR TEMPLE, INC.",TEMPLE,TX,76504-7033,1/1/2020,2547420490,"2610 exchange plz,Temple,TX,76504,US",31.1990792,-97.4408397
90,90,1336619220,CONSECRATED CARE INC,217 ARROWHEAD BLVD,STE B1,JONESBORO,GA,30236-1169,2/1/2020,7704729110,"217 arrowhead blvd,Jonesboro,GA,30236,US",33.5782736,-84.383404
91,91,1346397551,AEGIS TREATMENT CENTERS LLC,625 E MAIN ST,,SANTA PAULA,CA,93060-2608,1/1/2020,8055254669,"625 e main,Santa paula,CA,93060,US",34.3521484,-119.0664712
92,92,1346472412,UNITED PLANNING ORGANIZATION,1900 MASSACHUSETTS AVE SE BLDG 13,UPO COMPREHENSIVE TRMT CTR,WASHINGTON,DC,20003-2542,6/11/2020,2026826599,"1900 massachusetts ave se bldg 13,Washington,DC,20003,US",38.88555119999999,-76.9739373
93,93,1346577202,SUNRISE DETOX II,1272 LONG HILL RD,,STIRLING,NJ,07980-1010,12/1/2022,9085042700,"1272 long hill rd,Stirling,NJ,07980,US",40.6807535,-74.49745349999999
94,94,1346888260 1659919561,BAART BEHAVIORAL,716 S CHASE ST,,PORT ANGELES,WA,98362-6122,1/1/2021,3603952976,"716 s chase,Port angeles,WA,98362,US",48.1118898,-123.4353974
95,95,1356485551,ASSOCIATION FOR THE ADVANCEMENT OF,1205 E HILLSIDE RD,STE B,LAREDO,TX,78041-3319,10/8/2020,7139269491x3103,"1205 e hillside rd,Laredo,TX,78041,US",27.5445981,-99.4814024
96,96,1356522684,VALLE DEL SOL INC,334 W 10TH PL,STE 100,MESA,AZ,85201-3499,2/17/2020,6022586797,"334 w 10th pl,Mesa,AZ,85201,US",33.4344588,-111.8390892
97,97,1356557425,"ALIVIANE, INC.",1626 MEDICAL CENTER DR,ALIVIANE,EL PASO,TX,79902-5010,9/18/2020,9157824000x1418,"1626 medical center dr,El paso,TX,79902,US",31.7779945,-106.4793954
98,98,1356637573,TREATMENT CENTERS INC,3430 N JACKSON HWY,,SHEFFIELD,AL,35660-3512,1/1/2020,2563836646,"3430 n jackson hwy,Sheffield,AL,35660,US",34.7662868,-87.67610959999999
99,99,1356764898,OUTLOOK RECOVERY LLC,21030 POINT LOOKOUT RD,UNIT 10,CALLAWAY,MD,20620-2349,3/27/2020,2402378325,"21030 point lookout rd,Callaway,MD,20620,US",38.23816830000001,-76.5263099
100,100,1356799688,CROSSROADS TREATMENT CENTER OF NORT,4083 CLOUD SPRINGS RD,,RINGGOLD,GA,30736-8411,1/1/2020,8008056989,"4083 cloud springs rd,Ringgold,GA,30736,US",34.9624237,-85.1964496
101,101,1356854277,"PINNACLE TREATMENT CENTERS VA-I, LL",11720 MAIN ST,STE 108,FREDERICKSBURG,VA,22408-7368,1/1/2020,5407359350,"11720 main,Fredericksburg,VA,22408,US",38.2781642,-77.448639
102,102,1366018228,BAYMARK HEALTH SERVICES OF OHIO,900 SAHARA TRL,,YOUNGSTOWN,OH,44514-3667,10/1/2020,3302679020,"900 sahara trl,Youngstown,OH,44514,US",40.9895423,-80.63758240000001
103,103,1366853954,ADDICTION RECOVERY SYSTEMS LLC,103 S PANTOPS DR,STE 102,CHARLOTTESVILLE,VA,22911-8617,1/1/2020,4342200080,"103 s pantops dr,Charlottesville,VA,22911,US",38.0317347,-78.4537692
104,104,1376073957,CROSSROADS TREATMENT CENTER OF WEAV,901 OLD MARS HILL HWY,STE 3,WEAVERVILLE,NC,28787-8628,1/1/2020,8008056989,"901 old mars hill hwy,Weaverville,NC,28787,US",35.78618,-82.5384206
105,105,1376759936,RICHMOND TREATMENT CENTER,2217 E FRANKLIN ST,,RICHMOND,VA,23223-7046,1/1/2020,8042130249,"2217 e franklin,Richmond,VA,23223,US",37.5310878,-77.42277469999999
106,106,1376863043,SOAR CORP,33 WILLIAMS ST,,LANSDOWNE,PA,19050-2730,7/8/2022,6106221114,"33 williams,Lansdowne,PA,19050,US",39.9400824,-75.2554241
107,107,1386128387,VENI VIDI VICI TREATMENT SERVICES L,4B NORTH AVE,STE 302,BEL AIR,MD,21014-2304,7/23/2020,4438193172,"4b north ave,Bel air,MD,21014,US",39.551253,-76.363688
108,108,1386702264,BAY COVE HUMAN SERVICES INC,66 CANAL ST,,BOSTON,MA,02114-2002,1/1/2020,6173713085,"66 canal,Boston,MA,02114,US",42.3636637,-71.05966599999999
109,109,1386783314,GALAX TREATMENT CENTER,111 TOWN HOLLOW RD,,CEDAR BLUFF,VA,24609-9622,1/1/2020,2769633554,"111 town hollow rd,Cedar bluff,VA,24609,US",37.0473126,-81.7811158
110,110,1386888279 1639689292,"HABIT OPCO, LLC",111 HIGHWAY 35 STE 7,CENTRAL JERSEY COMPREHENSIVE TREATM,CLIFFWOOD,NJ,07721-1515,1/1/2020,7327272555,"111 highway 35,Cliffwood,NJ,07721,US",40.4413965,-74.2305425
111,111,1396149068,CRC RECOVERY INC,522 S MAPLE RD,,ANN ARBOR,MI,48103-3837,1/1/2020,7345857970,"522 s maple rd,Ann arbor,MI,48103,US",42.2760775,-83.7810143
112,112,1407034614,PUERTO RICAN ORGANIZATION TO MOTIVA,553-561 COURT ST,,BROOKLYN,NY,11231-3804,1/1/2020,7187807421,"553-561 court,Brooklyn,NY,11231,US",40.68783,-73.8683823
113,113,1407979289,LUMMI INDIAN BUSINESS COUNCIL,2616 KWINA RD,LUMMI COUNSELING SERVICES OTP,BELLINGHAM,WA,98226-9291,5/28/2020,3603806945,"2616 kwina rd,Bellingham,WA,98226,US",48.7938779,-122.6261148
114,114,1417393414,"BHG XXVI, LLC",118 GRAND VUE PLZ,STE 118,HAZARD,KY,41701-6842,1/1/2020,6064871646,"118 grand vue plz,Hazard,KY,41701,US",37.2893613,-83.20843789999999
115,115,1417405333,EVERGREEN TREATMENT SERVICES,1412 SW 43RD ST,STE 140,RENTON,WA,98057-4803,1/1/2020,4252640750,"1412 sw 43rd,Renton,WA,98057,US",47.4417225,-122.236352
116,116,1417412586,RCA MAT PA LLC,53 N UNION AVE,DELAWARE COUNTY HEALTHCARE CLINIC,LANSDOWNE,PA,19050-2536,5/6/2021,4842571350,"53 n union ave,Lansdowne,PA,19050,US",39.9415367,-75.2651824
117,117,1417587502,RINGGOLD TREATMENT CENTER LLC,8292 HIGHWAY 41,,RINGGOLD,GA,30736-2354,1/31/2023,7069522800,"8292 highway 41,Ringgold,GA,30736,US",34.9116304,-85.1050199
118,118,1417671967,SOUTHEAST ALASKA REGIONAL HEALTH CO,225 FRONT ST,STE 104,JUNEAU,AK,99801-1244,8/29/2022,9073644565,"225 front,Juneau,AK,99801,US",58.30025959999999,-134.4063492
119,119,1427125632,SES OPERATING CORP,2367-69 SECOND AVE,,NEW YORK,NY,10035-3108,6/10/2021,2128762300x205,"2367-69 second ave,New york,NY,10035,US",40.800674,-73.935513
120,120,1437377421,MARIN TREATMENT CENTER,1466 LINCOLN AVE,,SAN RAFAEL,CA,94901-2021,1/1/2020,4155268022,"1466 lincoln ave,San rafael,CA,94901,US",37.9801903,-122.5219237
121,121,1437651221,VALLE VISTA LLC,65 AIRPORT PARKWAY SUITE 104,NEW VISTA OUTPATIENT RECOVERY CENTER,GREENWOOD,IN,46143-1407,1/1/2020,3178835330,"65 airport parkway suite 104,Greenwood,IN,46143,US",39.61574239999999,-86.087785
122,122,1447580584,"PENNSYLVANIA ASSOCIATES, LLC",1151 POCONO BLVD UNIT 3,MOUNT POCONO MEDICAL,MOUNT POCONO,PA,18344-1033,1/1/2020,5708397246,"1151 pocono blvd unit 3,Mount pocono,PA,18344,US",41.1357424,-75.36448
123,123,1447665641,NORTHERN PARKWAY TREATMENT SERVICES,3007 E NORTHERN PKWY,,BALTIMORE,MD,21214-1419,1/1/2020,4434750737,"3007 e northern pkwy,Baltimore,MD,21214,US",39.3628226,-76.5516906
124,124,1457311458,QUAPAW TRIBAL BUSINESS COMMITTEE,58150 E 66 RD,QUAPAW COUNSELING SERVICES,MIAMI,OK,74354-6509,2/5/2020,9185421786x5007,"58150 e 66 rd,Miami,OK,74354,US",36.9198185,-94.8393344
125,125,1457805467,COASTAL COMMUNITY BEHAVIORAL HEALTH,100 CORNERSTONE DR,,BRUNSWICK,GA,31523-4214,1/1/2020,9124341794x1,"100 cornerstone dr,Brunswick,GA,31523,US",31.2368995,-81.5394864
126,126,1457805467,COASTAL COMMUNITY BEHAVIORAL HEALTH,5155 GA HIGHWAY 40 E,,SAINT MARYS,GA,31558-9410,1/1/2020,9124341794x403,"5155 ga highway 40 e,Saint marys,GA,31558,US",30.7615259,-81.60651949999999
127,127,1457892432,"SOFT LANDING INTERVENTIONS, LLC",3934 N LINCOLN AVE,SYMETRIA RECOVERY AT LAKEVIEW,CHICAGO,IL,60613-2432,9/9/2021,7735491700,"3934 n lincoln ave,Chicago,IL,60613,US",41.9532426,-87.6784232
128,128,1467073726,DENVER RECOVERY GROUP LLC,2531 AIRPORT RD,,COLORADO SPRINGS,CO,80910-3119,1/1/2020,7193007021,"2531 airport rd,Colorado springs,CO,80910,US",38.8250298,-104.7824384
129,129,1467759399,PENNSYLVANIA CARE LLC,90 E UNION ST,STE 3,WILKES BARRE,PA,18701-3210,1/1/2020,5708225145,"90 e union,Wilkes barre,PA,18701,US",41.2456338,-75.876361
130,130,1477012144,FAMILY GUIDANCE CENTERS INC,333 W EVERGREEN ST,,MANTENO,IL,60950-9329,4/1/2020,2246597030,"333 w evergreen,Manteno,IL,60950,US",41.2293739,-87.8080102
131,131,1477041143,MEDMARK TREATMENT CENTERS OF GEORGI,1289 GI MADDOX PKWY,,CHATSWORTH,GA,30705-2069,1/1/2020,7069713366,"1289 gi maddox pkwy,Chatsworth,GA,30705,US",34.7832365,-84.7963697
132,132,1477136695,METRO TREATMENT OF NEW HAMPSHIRE LP,865 2ND ST,STE 1B,MANCHESTER,NH,03102-5265,1/1/2020,6033970970,"865 2nd,Manchester,NH,03102,US",42.9691408,-71.4801653
133,133,1487382040,"NORTHEAST FAMILY HEALTH CARE, LLC",53 N UNION AVE,,LANSDOWNE,PA,19050-2536,1/1/2020,4844696231,"53 n union ave,Lansdowne,PA,19050,US",39.9415367,-75.2651824
134,134,1487888145,CITY OF EAST ORANGE,110 S GROVE ST 3RD FL,EAST ORANGE SUBSTANCE ABUSE TREAT,EAST ORANGE,NJ,07018-4102,1/1/2020,9732665200,"110 s grove,East orange,NJ,07018,US",40.7533658,-74.2046398
135,135,1497146427,"SOFT LANDING INTERVENTIONS, LLC",830 W END CT STE 900,SYMETRIA RECOVERY AT VERNON HILLS,VERNON HILLS,IL,60061-1333,9/9/2021,8662561955,"830 w end ct,Vernon hills,IL,60061,US",42.2411424,-87.97623949999999
136,136,1497331102,"BEAR ISLAND RECOVERY SERVICES, INC",1150 CEDAR POINT BLVD,,CEDAR POINT,NC,28584-8022,5/17/2022,2527649023,"1150 cedar point blvd,Cedar point,NC,28584,US",34.6864255,-77.0740971
137,137,1497388730,BRAND NEW START TREATMENT CENTER- P,311 W I PKWY,STE 500,DALLAS,GA,30132-0972,10/2/2020,4045457279,"311 w i pkwy,Dallas,GA,30132,US",33.9123167,-84.7978278
138,138,1497707806,"START TREATMENT & RECOVERY CENTERS,",1149-55 MYRTLE AVENUE,,BROOKLYN,NY,11206,1/1/2020,7185741801,"1149-55 myrtle avenue,Brooklyn,NY,11206,US",40.697189,-73.93489799999999
139,139,1508016957,DISCOVERY HOUSE NC LLC,2710 W STATE STREET,ROUTE 224,NEW CASTLE,PA,16101-8644,1/1/2020,7245987999,"2710 w,New castle,PA,16101,US",41.0036719,-80.34700900000001
140,140,1508073651,METRO TREATMENT OF OREGON LP,16420 SE DIVISION ST,,PORTLAND,OR,97236-1987,1/1/2020,5037623130,"16420 se division,Portland,OR,97236,US",45.5042597,-122.4944507
141,141,1508202524,"VCPHCS XVII, LLC",1202 S JAMES CAMPBELL BLVD,SUITE 7A,COLUMBIA,TN,38401,1/1/2020,9313810020,"1202 s james campbell blvd,Columbia,TN,38401,US",35.6030514,-87.0640653
142,142,1508386541,WALKER RECOVERY CENTER,2195 N AIRPORT RD,,JASPER,AL,35504-7057,1/1/2020,2052211799,"2195 n airport rd,Jasper,AL,35504,US",33.8708211,-87.26670999999999
143,143,1508904780,ADDICTION RESEARCH AND TREATMENT IN,1646 S COURT ST,,VISALIA,CA,93277-4962,1/1/2020,5596258890,"1646 s court,Visalia,CA,93277,US",36.3157652,-119.2913175
144,144,1508911777,EVERGREEN TREATMENT SERVICES,1700 AIRPORT WAY S,,SEATTLE,WA,98134-1618,1/1/2020,2062233644,"1700 airport way s,Seattle,WA,98134,US",47.5875158,-122.3210854
145,145,1518095413,"ALTAPOINTE HEALTH SYSTEMS, INC.",4211 GOVERNMENT BLVD,,MOBILE,AL,36693-4813,1/1/2020,2504502211,"4211 government blvd,Mobile,AL,36693,US",30.6282135,-88.14824159999999
146,146,1518243872,"ATS OF NORTH CAROLINA, LLC",200 NORTHVIEW PLZ,,NORTH WILKESBORO,NC,28659-3173,1/1/2020,3368180607,"200 northview plz,North wilkesboro,NC,28659,US",36.185185,-81.1475081
147,147,1528288362,PINNACLE TREATMENT CENTERS PA - III,1425 SCALP AVE,STE 175,JOHNSTOWN,PA,15904-3324,1/1/2020,8142694700,"1425 scalp ave,Johnstown,PA,15904,US",40.2723128,-78.8564892
148,148,1528398096,FAMILY GUIDANCE CENTERS INC,120 N 11TH ST,,SPRINGFIELD,IL,62703-1002,4/1/2020,2246597030,"120 n 11th,Springfield,IL,62703,US",39.802325,-89.6399217
149,149,1528527603,SYMETRIA HEALTH OF TEXAS LLC,1850 LAKE POINTE DR,,LEWISVILLE,TX,75057-0001,7/1/2021,2148973900,"1850 lake pointe dr,Lewisville,TX,75057,US",33.0173703,-96.9792201
150,150,1538658380,METRO TREATMENT OF MO LP,2027 CAMPUS DR,ST CHARLES METRO CTR,SAINT CHARLES,MO,63301-1047,3/10/2023,6363217600,"2027 campus dr,Saint charles,MO,63301,US",38.7893303,-90.5373307
151,151,1548367873,ST BARNABAS HOSPITAL,4535-39 THIRD AVENUE,,BRONX,NY,10457,1/1/2020,7189609474,"4535-39 third avenue,Bronx,NY,10457,US",40.8545243,-73.89092509999999
152,152,1548844772,NEW START - MVILLE LLC,1211 N COLUMBIA DR,,MILLEDGEVILLE,GA,31061-2395,11/19/2022,4784515210,"1211 n columbia dr,Milledgeville,GA,31061,US",33.0947564,-83.2384514
153,153,1558412320,CRC HEALTH OREGON LLC,2600 SE BELMONT ST,,PORTLAND,OR,97214-2916,1/1/2020,5032395738,"2600 se belmont,Portland,OR,97214,US",45.5162211,-122.6388032
154,154,1558874461,"PINNACLE TREATMENT CENTERS VA-I, LL",905 SOUTHLAKE BLVD,STE C,NORTH CHESTERFIELD,VA,23236-3955,1/1/2020,8044190492,"905 southlake blvd,North chesterfield,VA,23236,US",37.5054726,-77.5973449
155,155,1558876383,"BECKLEY TREATMENT CENTER, LLC",175 PHILPOTT LN,,BEAVER,WV,25813-9501,1/1/2020,3042549262,"175 philpott ln,Beaver,WV,25813,US",37.79814,-81.11335849999999
156,156,1558895631,BHG XXXV LLC,1000 ACE DR,,BEREA,KY,40403-1327,1/1/2020,8592565006,"1000 ace dr,Berea,KY,40403,US",37.583989,-84.290133
157,157,1578078531,CHESAPEAKE TREATMENT SERVICES OCEAN,12417 OCEAN GTWY,STE 7,OCEAN CITY,MD,21842-9522,8/12/2022,8335104357,"12417 ocean gtwy,Ocean city,MD,21842,US",38.340717,-75.1228405
158,158,1578685822,NEW HOPE BEHAVIORAL HEALTH CENTER,215 S POWER RD,STE 114,MESA,AZ,85206-5236,1/1/2020,4809811022,"215 s power rd,Mesa,AZ,85206,US",33.4113576,-111.681956
159,159,1578685897,DISCOVERY HOUSE TV INC,5983 S REDWOOD RD,,TAYLORSVILLE,UT,84123-5261,1/1/2020,8012939999,"5983 s redwood rd,Taylorsville,UT,84123,US",40.6424475,-111.938113
160,160,1578709002,VALLE DEL SOL INC,1209 S 1ST AVE,,PHOENIX,AZ,85003-2605,3/2/2020,6022586797,"1209 s 1st ave,Phoenix,AZ,85003,US",33.4356436,-112.0746972
161,161,1588045462,METRO TREATMENT OF COLORADO LP,2956 NORTH AVE,STE 1,GRAND JUNCTION,CO,81504-3919,1/1/2020,9702081130,"2956 north ave,Grand junction,CO,81504,US",39.0778452,-108.5046932
162,162,1598099061,EASTERN AVENUE HEALTH SOLUTIONS INC,5920 EASTERN AVE,,BALTIMORE,MD,21224-2827,1/1/2020,4106312772,"5920 eastern ave,Baltimore,MD,21224,US",39.2877228,-76.5450003
163,163,1598120214,"SUNRISE TREATMENT CENTER, LLC",680 NORTHLAND BLVD,,CINCINNATI,OH,45240-9999,1/1/2020,5139414999,"680 northland blvd,Cincinnati,OH,45240,US",39.2818101,-84.50064379999999
164,164,1598133472,INSPIRED HOPE GROUP LLC,1228 W SCYENE RD,STE 230,MESQUITE,TX,75149-3143,4/1/2020,9722881800,"1228 w scyene rd,Mesquite,TX,75149,US",32.7683491,-96.6156699
165,165,1598346249,PINNACLE TREATMENT CENTERS OH-XVIII,287 E LEFFEL LN,,SPRINGFIELD,OH,45505-4745,2/9/2022,9376881844,"287 e leffel ln,Springfield,OH,45505,US",39.8944884,-83.8084026
166,166,1609470186,CRC HEALTH TREATMENT CLINICS LLC,3928 S NOVA RD,VOLUSIA COUNTY COMPREHENSIVE TREATMENT,PORT ORANGE,FL,32127-4911,1/1/2020,3868229941,"3928 s nova rd,Port orange,FL,32127,US",29.1201946,-81.0014544
167,167,1619011616,COUNTY OF SANTA CLARA,90 HIGHLAND AVE,,SAN MARTIN,CA,95046-9504,7/6/2020,4086862222,"90 highland ave,San martin,CA,95046,US",37.0736845,-121.6051742
168,168,1619338696,BHG XXX LLC,1125 N 5TH ST,,KANSAS CITY,KS,66101-2305,1/1/2020,9133480888,"1125 n 5th,Kansas city,KS,66101,US",39.1173436,-94.6207918
169,169,1619395605,"WESTERN KY MEDICAL, LLC",609 HAMMOND PLZ,,HOPKINSVILLE,KY,42240-4971,1/1/2020,2708878333,"609 hammond plz,Hopkinsville,KY,42240,US",36.833121,-87.4764544
170,170,1619982196,SOUTHWEST BEHAVIORAL HEALTH SERVICE,1424 S 7TH AVE,BLDG C,PHOENIX,AZ,85007-3902,2/6/2023,6022560514,"1424 s 7th ave,Phoenix,AZ,85007,US",33.4342388,-112.0830108
171,171,1629276217,"RHJ MEDICAL CENTER, INC",1007 OLD STATE ROUTE 119,,HUNKER,PA,15639,1/1/2021,7246969600,"1007 old,Hunker,PA,15639,US",40.2042377,-79.6205961
172,172,1629521117,MEDMARK TREATMENT CENTERS OF PENNSY,1037 COMPASS CIR,MEDMARKTREATMENTCENTERSGREENSBURGPA,GREENSBURG,PA,15601-2786,6/16/2020,7248341144,"1037 compass cir,Greensburg,PA,15601,US",40.3071116,-79.52189059999999
173,173,1629553607,ROCK HILL TREATMENT SPECIALISTS,1274 E MAIN ST,,ROCK HILL,SC,29730-5948,1/1/2020,8035267666,"1274 e main,Rock hill,SC,29730,US",34.9155606,-81.0022578
174,174,1639362254,"OKLAHOMA TREATMENT SERVICES, LLC",5401 SW 29TH ST,,OKLAHOMA CITY,OK,73179-7602,3/26/2020,4056867828,"5401 sw 29th,Oklahoma city,OK,73179,US",35.4357554,-97.6124807
175,175,1649390733,LIBERATION PROGRAMS INC,117 MAIN ST,,STAMFORD,CT,06901-2818,1/1/2020,2033561980,"117 main,Stamford,CT,06901,US",41.0523888,-73.54388639999999
176,176,1649473695,IMPERIAL VALLEY MEDICAL CLINIC INC,200 S 5TH ST,,EL CENTRO,CA,92243-3013,1/1/2020,7604820864,"200 s 5th,El centro,CA,92243,US",32.7915152,-115.5549244
177,177,1649601550,JANUS OF SANTA CRUZ,284 PENNSYLVANIA AVE,STE 1,WATSONVILLE,CA,95076-3768,1/1/2020,8313194200,"284 pennsylvania ave,Watsonville,CA,95076,US",36.9186994,-121.7708782
178,178,1649797507,CROSSROADS TREATMENT CENTER OF LOUI,1700 CARGO CT,,LOUISVILLE,KY,40299-1938,1/1/2020,8008056989,"1700 cargo ct,Louisville,KY,40299,US",38.2200151,-85.5726598
179,179,1649856618,HOLYOKE CAPITAL JV LLC,1233 MAIN ST,,HOLYOKE,MA,01040-5381,1/1/2022,4132640819,"1233 main,Holyoke,MA,01040,US",42.1659064,-72.633996
180,180,1659558922,MCLEOD ADDICTIVE DISEASE CENTER INC,636 SIGNAL HILL DRIVE EXT,,STATESVILLE,NC,28625-4774,1/4/2020,7048712992,"636 signal hill drive ext,Statesville,NC,28625,US",35.8050562,-80.8510324
181,181,1659722114,COMMUNITY MEDICAL SERVICES MONTANA,2521 E MOUNTAIN VILLAGE DR,STE F,WASILLA,AK,99654-7373,1/1/2020,9072903760,"2521 e mountain village dr,Wasilla,AK,99654,US",61.5734207,-149.3878624
182,182,1669874418,"THE BRIGHTON CENTER, INC.",2512 HARTE DR,,BRIGHTON,MI,48114-7002,3/10/2022,8102299220,"2512 harte dr,Brighton,MI,48114,US",42.5654062,-83.8068543
183,183,1669905857,"DAVIESS TREATMENT SERVICES, LLC",3032 HIGHWAY 144,,OWENSBORO,KY,42303-0288,1/1/2020,2706855029,"3032 highway 144,Owensboro,KY,42303,US",37.7835636,-87.07409419999999
184,184,1669987475,PARKERSBURG TREATMENT CENTER LLC,184 HOLIDAY HILLS DR,,PARKERSBURG,WV,26104-8006,1/1/2020,3044202400,"184 holiday hills dr,Parkersburg,WV,26104,US",39.2645769,-81.5028476
185,185,1679062434,ADDICTION RESEACH AND TREATMENT INC,11900 AVALON BLVD,STE 200,LOS ANGELES,CA,90061-2867,1/1/2020,3232420500,"11900 avalon blvd,Los angeles,CA,90061,US",33.9244755,-118.2648661
186,186,1679807150,HAMPDEN HEALTH SOLUTIONS AT THE RAI,3612 FALLS RD,,BALTIMORE,MD,21211-1869,1/1/2020,4104674357,"3612 falls rd,Baltimore,MD,21211,US",39.3311627,-76.63525340000001
187,187,1689072688,BHG XXXVII LLC,414 HOSPITAL DR,,CLYDE,NC,28721-8026,1/1/2020,8284560560,"414 hospital dr,Clyde,NC,28721,US",35.5260009,-82.95089089999999
188,188,1689196578,SERENITY TREATMENT AND COUNSELING C,19408 N CREEK DR,,LYNWOOD,IL,60411-9608,1/1/2020,7082518952,"19408 n creek dr,Lynwood,IL,60411,US",41.5234885,-87.558379
189,189,1689693343,STANLEY STREET TREATMENT AND RESOUR,1010 S MAIN ST,,FALL RIVER,MA,02724-2855,1/1/2020,5082355010,"1010 s main,Fall river,MA,02724,US",41.6907377,-71.16515849999999
190,190,1689796286,"PYRAMID HEALTHCARE, INC.",2 SELLERS DRIVE,,ALTOONA,PA,16601-9306,8/13/2021,8142040059,"2 sellers drive,Altoona,PA,16601,US",40.4607356,-78.40852509999999
191,191,1689846859,MERIDIAN BEHAVIORAL HEALTHCARE INC,439 SW MICHIGAN ST,LAKE CITY OTP CLINIC,LAKE CITY,FL,32025-0440,1/1/2020,3864870800,"439 sw michigan,Lake city,FL,32025,US",30.1567138,-82.643957
192,192,1699356683,QUIL CEDA CREEK COUNSELING COMPANY,6330 31ST AVE NE,STE 101,TULALIP,WA,98271-7423,6/17/2023,3607162200,"6330 31st ave ne,Tulalip,WA,98271,US",48.0535411,-122.1907922
193,193,1700092236,METRO TREATMENT OF UTAH LP,620 S 400 E,STE 404,SAINT GEORGE,UT,84770-7065,1/1/2020,4356568918,"620 s 400 e,Saint george,UT,84770,US",37.0976596,-113.5755471
194,194,1700135399,"SUNRISE DETOX III, LLC",2331 NE 53RD ST,,FORT LAUDERDALE,FL,33308-3235,4/3/2023,9544919700,"2331 ne 53rd,Fort lauderdale,FL,33308,US",26.1918058,-80.1144138
195,195,1700192077,MISSION TREATMENT CENTERS INC,617 N SCOTTSDALE RD,STE D,SCOTTSDALE,AZ,85257-4207,1/1/2020,4809903720,"617 n scottsdale rd,Scottsdale,AZ,85257,US",33.4551536,-111.9260961
196,196,1700390101,COVERT ACTION LLC,1223 CENTER ST,STE 22,DES MOINES,IA,50309-1016,1/1/2020,5152186125,"1223 center,Des moines,IA,50309,US",41.5925282,-93.6333764
197,197,1700460110,BHG LVII LLC,86 BEACH ST,,WESTERLY,RI,02891-2718,8/1/2020,4015960969,"86 beach,Westerly,RI,02891,US",41.3588799,-71.8354075
198,198,1700989829,SAN DIEGO HEALTH ALLIANCE,7545 METROPOLITAN DR,,SAN DIEGO,CA,92108-4402,1/1/2020,6197189890,"7545 metropolitan dr,San diego,CA,92108,US",32.7766111,-117.158506
199,199,1710453352 1982170528,BAYMARK HEALTH SERVICES OF UTAH,164 E 5900 S,STE 101,MURRAY,UT,84107-7256,1/1/2020,8012615790,"164 e 5900 s,Murray,UT,84107,US",40.64246989999999,-111.8875067
200,200,1720204696,HUMANISTIC ALTERNATIVES TO ADDICTIO,10850 MACARTHUR BLVD,STE 200,OAKLAND,CA,94605-5266,1/1/2020,5108752300,"10850 macarthur blvd,Oakland,CA,94605,US",37.741553,-122.1497236
201,201,1720302144,"CENTER OF HOPE OF MYRTLE BEACH, LLC",104 GEORGE BISHOP PKWY,,MYRTLE BEACH,SC,29579-7335,1/1/2020,8008056989,"104 george bishop pkwy,Myrtle beach,SC,29579,US",33.7195497,-78.9316087
202,202,1730577990,ATS OF CECIL COUNTY LLC,"14701 NATIONAL HWY SUITE 5,6,1B",CUMBERLAND TREATMENT CENTER,LAVALE,MD,21502-6574,1/1/2020,3016870940,"14701 national hwy suite 5,Lavale,MD,21502,US",39.6405843,-78.8596517
203,203,1740755354,"WCHS, INC",516 E 1ST ST,,ABERDEEN,WA,98520-4106,1/1/2020,3603504010,"516 e 1st,Aberdeen,WA,98520,US",46.97883909999999,-123.8144777
204,204,1750537437,WEST COUNTY MEDICAL CORPORATION,2272 PACIFIC AVE,,LONG BEACH,CA,90806-4312,1/24/2020,5624278018,"2272 pacific ave,Long beach,CA,90806,US",33.7985736,-118.1933438
205,205,1750823043,CROSSROADS TREATMENT CENTER OF WINC,500 PEGASUS COURT BUSINESS CENTER,,WINCHESTER,VA,22602,1/1/2020,8008056989,"500 pegasus court business center,Winchester,VA,22602,US",39.1446272,-78.15025240000001
206,206,1760544456,AEGIS TREATMENT CENTERS LLC,11041 VALLEY BLVD,,EL MONTE,CA,91731-2516,1/1/2020,6264424177,"11041 valley blvd,El monte,CA,91731,US",34.0744545,-118.0337723
207,207,1760922249,THE HEALTH AND HOSPITAL CORPORATION,832 N MERIDIAN ST,SANDRA ESKENAZI NARCOTIC TREATMENT,INDIANAPOLIS,IN,46204-1108,1/1/2020,3176865634,"832 n meridian,Indianapolis,IN,46204,US",39.7787207,-86.1581262
208,208,1770284051,DENVER RECOVERY GROUP LLC,1429 GRAND AVE,# 102B,GLENWOOD SPRINGS,CO,81601-3847,1/1/2020,7206160049,"1429 grand ave,Glenwood springs,CO,81601,US",39.5382715,-107.3255235
209,209,1780036210,TRI-STATE TREATMENT,1236 HIGHWAY 299,,WILDWOOD,GA,30757-4003,1/4/2020,4234280045,"1236 highway 299,Wildwood,GA,30757,US",34.9798236,-85.4220265
210,210,1780722033,ADDICTION RESEARCH AND TREATMENT IN,1111 MARKET ST,FL 1,SAN FRANCISCO,CA,94103-1509,1/1/2020,4158633883,"1111 market,San francisco,CA,94103,US",37.7800474,-122.4126387
211,211,1780899336,METRO TREATMENT OF FLORIDA LP,1507A N JOHN YOUNG PKWY,MID FLORIDA METRO TREATMENT CENTER,KISSIMMEE,FL,34741-3214,1/1/2020,4079338331,"1507a n john young pkwy,Kissimmee,FL,34741,US",28.3056447,-81.4152622
212,212,1780919951,"NEW ERA REHABILITATION CENTER,INC",311 EAST ST,,NEW HAVEN,CT,06511-5838,7/6/2021,2033440025,"311 east,New haven,CT,06511,US",41.3074001,-72.90961779999999
213,213,1790242675,"SUNRISE TREATMENT CENTER, LLC",25 WHITNEY DR,STE 122,MILFORD,OH,45150-8400,1/1/2020,5139414999,"25 whitney dr,Milford,OH,45150,US",39.1558248,-84.25758859999999
214,214,1801032958,ALBUQUERQUE TREATMENT SERVICES LLC,123 MADIERA ST SE,GULF COAST PAIN AND SPINE,ALBUQUERQUE,NM,87108-2963,3/10/2020,5052621538,"123 madiera,Albuquerque,NM,87108,US",35.0767363,-106.5848717
215,215,1801298740 1891201703 1982614772,WHEELING TREATMENT CENTER,40 ORRS LN,,TRIADELPHIA,WV,26059-1455,1/1/2020,3045479197,"40 orrs ln,Triadelphia,WV,26059,US",40.064148,-80.571114
216,216,1811020035,METROPOLITAN REHABILITATION INC,21700 GREENFIELD RD,STE 130,OAK PARK,MI,48237-2532,1/1/2020,2489674310,"21700 greenfield rd,Oak park,MI,48237,US",42.4530756,-83.19989699999999
217,217,1811073059,"INTENSIVE TREATMENT SYSTEMS, LLC",19401 N CAVE CREEK RD,STE 18,PHOENIX,AZ,85024-1825,1/1/2020,6029960099,"19401 n cave creek rd,Phoenix,AZ,85024,US",33.6633528,-112.0297998
218,218,1811421548,CENTER FOR BEHAVIORAL HEALTH IDAHO,2275 S EAGLE RD,STE 190,MERIDIAN,ID,83642-5079,1/1/2020,2082880649,"2275 s eagle rd,Meridian,ID,83642,US",43.58414459999999,-116.355289
219,219,1811573751,COMMUNITY MEDICAL SERVICES,3333 N 7TH AVE,,PHOENIX,AZ,85013-4108,1/1/2020,6027533360,"3333 n 7th ave,Phoenix,AZ,85013,US",33.4867319,-112.0828159
220,220,1821203555,METRO TREATMENT OF MARYLAND LP,16110 EVERLY RD,HAGERSTOWN TREATMENT CENTER,HAGERSTOWN,MD,21740-2384,1/1/2020,3017140837,"16110 everly rd,Hagerstown,MD,21740,US",39.626045,-77.8120234
221,221,1821248279,ALTERNATIVES FOR LIFE TREATMENT & R,5360 I 55 N,STE 160,JACKSON,MS,39211-4055,1/1/2020,6013623131,"5360 i 55 n,Jackson,MS,39211,US",32.373458,-90.147274
222,222,1821496258,DISCOVERY HOUSE CC LLC,920 CENTURY DR,DISCOVERY HOUSE MECHANICSBURG DHCC,MECHANICSBURG,PA,17055-8417,1/1/2020,7177666974,"920 century dr,Mechanicsburg,PA,17055,US",40.2111843,-76.9637332
223,223,1821561788,CLEAR SKYE MEDICAL HOLDINGS LLC,1035 MEDICAL RIDGE RD,,CLINTON,SC,29325-4542,1/1/2020,8645472089,"1035 medical ridge rd,Clinton,SC,29325,US",34.4829412,-81.9387976
224,224,1821635137,BHG GRAND BAY TREATMENT CENTER,12271 INTERCHANGE DRIVE,,GRAND BAY,AL,36541,2/4/2020,2518650123,"12271 interchange drive,Grand bay,AL,36541,US",30.4998048,-88.33300249999999
225,225,1831502822,"WCHS, INC.",3230 C ST,,ANCHORAGE,AK,99503-3918,1/1/2020,9078659653,"3230 c,Anchorage,AK,99503,US",61.1899785,-149.8901682
226,226,1841356490,AEGIS TREATMENT CENTERS LLC,4129 STATE ST,,SANTA BARBARA,CA,93110-1848,1/1/2020,8059644795,"4129,Santa barbara,CA,93110,US",34.5084312,-119.7310213
227,227,1841743762,THE LIFE CHANGE CENTER,1201 N STEWART ST,STE 120,CARSON CITY,NV,89706-3004,1/1/2020,7754995534,"1201 n,Carson city,NV,89706,US",39.2246072,-119.7078532
228,228,1841788510,BAYMARK HEALTH SERVICES OF NORTH CA,7540 HIGHWAY 64 W,,BRASSTOWN,NC,28902-8079,1/1/2020,8288375335,"7540 highway 64 w,Brasstown,NC,28902,US",35.057011,-83.936227
229,229,1851390629,DISCOVERY HOUSE OF CENTRAL MAINE IN,40 AIRPORT RD,,WATERVILLE,ME,04901-4524,1/1/2020,2078727272,"40 airport rd,Waterville,ME,04901,US",44.5407015,-69.67381739999999
230,230,1851452338,ARS OF RIO GRANDE LLC,1200 ROUTE 9 S,,CAPE MAY COURT HOUSE,NJ,08210-2711,1/1/2020,6094630500,"1200 route 9 s,Cape may court house,NJ,08210,US",39.0514322,-74.84365389999999
231,231,1851460745,SOUTHERN OKLAHOMA TREATMENT SERVICE,5912 US HWY 70 EAST,,MEAD,OK,73449-5021,1/1/2020,5807459083,"5912 us hwy 70 east,Mead,OK,73449,US",33.9976946,-96.5187679
232,232,1851501233,WEST COUNTY MEDICAL CLINIC,100 E MARKET ST,,LONG BEACH,CA,90805-5924,1/1/2020,6612546630x1007,"100 e market,Long beach,CA,90805,US",33.8540693,-118.1935615
233,233,1851619258,JOHNSTON RECOVERY SERVICES,1699 OLD US 70 HWY W,,CLAYTON,NC,27520-6566,1/1/2020,9196120562,"1699 old us 70 hwy w,Clayton,NC,27520,US",35.6697191,-78.4787351
234,234,1851896120,SYMETRIA HEALTH OF TEXAS LLC,17347 VILLAGE GREEN DR,STE 104,JERSEY VILLAGE,TX,77040-1164,9/10/2021,2816683510,"17347 village green dr,Jersey village,TX,77040,US",29.8905715,-95.5803382
235,235,1861608382,NEW SEASON 270-271 TREATMENT CENTER,3701 W COMMERCE ST,,SAN ANTONIO,TX,78207-3611,1/1/2020,2104340531,"3701 w commerce,San antonio,TX,78207,US",29.4295044,-98.5389468
236,236,1861846438,"FAYETTE TREATMENT CENTER, LLC",2695 E ROY FURMAN HIGHWAY,GREENE TREATMENT CENTER,CARMICHAELS,PA,15320-2434,5/21/2020,7249665000,"2695 e roy furman highway,Carmichaels,PA,15320,US",39.8586701,-79.9457202
237,237,1861928541,"METRO TREATMENT OF MISSISSIPPI, LP",8900 DELTA BLUFF CV,DESOTO COUNTY TREATMENT CENTER,WALLS,MS,38680-4400,1/1/2020,6625104660,"8900 delta bluff cv,Walls,MS,38680,US",34.9632794,-90.1454398
238,238,1881764033,AMERICAN HEALTH SERVICES LLC,5015 W PICO BLVD,,LOS ANGELES,CA,90019-4127,1/27/2020,3236531677,"5015 w pico blvd,Los angeles,CA,90019,US",34.0480081,-118.3464231
239,239,1881864510,RHJ MEDICAL CENTER VANDERGRIFT LLC,2994 RIVER RD,,VANDERGRIFT,PA,15690-6053,1/1/2021,7246969600x2,"2994 river rd,Vandergrift,PA,15690,US",40.6274818,-79.58549889999999
240,240,1891234514,BAART BEHAVIORAL HEALTH SERVICES IN,242 S MAIN ST,,SAINT ALBANS,VT,05478-1801,1/1/2020,8023703545,"242 s main,Saint albans,VT,05478,US",44.7985488,-73.0927884
241,241,1891270872,LEXINGTON TREATMENT SPECIALISTS LLC,185 LOTT CT,,WEST COLUMBIA,SC,29169-3051,1/4/2020,8037194050,"185 lott ct,West columbia,SC,29169,US",34.0136435,-81.13430819999999
242,242,1902405749,CRC HEALTH TREATMENT CLINICS LLC,4553 WATKINS ST,PANHANDLE COMPREHENSIVE TREATMENT,PACE,FL,32571-2511,1/1/2020,8508002772,"4553 watkins,Pace,FL,32571,US",30.6018679,-87.12821989999999
243,243,1912062068,RAINBOW CENTER OF MICHIGAN INC,12501 HAMILTON AVE,,HIGHLAND PARK,MI,48203-3243,1/1/2020,3138651580,"12501 hamilton ave,Highland park,MI,48203,US",42.3943677,-83.10102210000001
244,244,1912457219,ELITE TREATMENT CENTER,395 W LINCOLN HWY,,CHICAGO HEIGHTS,IL,60411-2442,2/29/2020,7087555117,"395 w lincoln hwy,Chicago heights,IL,60411,US",41.5062975,-87.65769739999999
245,245,1922523232,COMMUNITY MEDICAL SERVICES ARIZONA-,2001 W ORANGE GROVE RD,STE 202,TUCSON,AZ,85704-1100,1/1/2020,5207753500,"2001 w orange grove rd,Tucson,AZ,85704,US",32.3213663,-111.0088108
246,246,1922543461,MATHERS RECOVERY LLC,101 TOWNE CENTRE LN,,FOX LAKE,IL,60020-1801,1/1/2020,2249083005,"101 towne centre ln,Fox lake,IL,60020,US",42.395905,-88.17892599999999
247,247,1922753995,DENVER RECOVERY GROUP LLC,130 N PARK AVE,,MONTROSE,CO,81401-3756,1/1/2020,7206160049,"130 n park ave,Montrose,CO,81401,US",38.4823166,-107.8757192
248,248,1932253812,SOUTHERN INDIANA CENTER LLC,7509 CHARLESTOWN PIKE,,CHARLESTOWN,IN,47111-9623,1/1/2020,8122564686,"7509 charlestown pike,Charlestown,IN,47111,US",38.3840286,-85.6884192
249,249,1932696770,BHG GLEN ALLEN TREATMENT CENTER,13100 MOUNTAIN RD,,GLEN ALLEN,VA,23059-1734,1/1/2020,8045100556,"13100 mountain rd,Glen allen,VA,23059,US",37.6910156,-77.54534129999999
250,250,1932759289,AEGIS TREATMENT CENTERS LLC,1768 MITCHELL RD,STE 301,CERES,CA,95307-2156,1/1/2020,2093534838,"1768 mitchell rd,Ceres,CA,95307,US",37.6055987,-120.9381057
251,251,1932762127,AMERICAN ADDICTION TREATMENT CENTER,5583 MOORETOWN RD,STE B,WILLIAMSBURG,VA,23188-2111,1/1/2020,7575857611,"5583 mooretown rd,Williamsburg,VA,23188,US",37.3165325,-76.73303949999999
252,252,1942292487,TURNING POINT CLINIC,2401 E NORTH AVE,,BALTIMORE,MD,21213-1517,1/1/2020,4106752113x185,"2401 e north ave,Baltimore,MD,21213,US",39.3123401,-76.58369619999999
253,253,1942342811,WESTERN PACIFIC MED-CORP,10751 DALE AVE,,STANTON,CA,90680-2604,1/1/2020,7148215311,"10751 dale ave,Stanton,CA,90680,US",33.8061426,-117.9848556
254,254,1942502638,TRANQUILITY PLACE OF UTAH LLC,160 E 800 S,# B,SALT LAKE CITY,UT,84111-3827,1/1/2020,8019249240,"160 e 800 s,Salt lake city,UT,84111,US",40.7515847,-111.886211
255,255,1942728985,STAUNTON TREATMENT CENTER,15 GREEN HILLS DR,STE 7,VERONA,VA,24482-2674,1/1/2020,5402176366,"15 green hills dr,Verona,VA,24482,US",38.1906545,-79.02500169999999
256,256,1942728985,"STAUNTON TREATMENT CENTER, LLC",15 GREEN HILLS DR,STE 6,VERONA,VA,24482-2674,1/1/2020,5402176366,"15 green hills dr,Verona,VA,24482,US",38.1906545,-79.02500169999999
257,257,1952332801,THE NEW YORK AND PRESBYTERIAN HOSPI,HELMSLEY TOWER,503 E 70TH ST,NEW YORK,NY,10021-4872,8/12/2020,2127461252,"Helmsley tower,New york,NY,10021,US",40.7656562,-73.95430089999999
258,258,1952733974,"METRO TREATMENT OF MAINE, LP",166 NEW COUNTY RD,,ROCKLAND,ME,04841-5320,1/1/2020,2075960312,"166 new county rd,Rockland,ME,04841,US",44.1010698,-69.1204743
259,259,1952854408,MEDMARK TREATMENT CENTERS OF PENNSY,1984 RTE 22,MEDMARK TREATMENTCENTERSBLAIRSVILLE,BLAIRSVILLE,PA,15717-6120,6/16/2020,7244594884,"1984 rte 22,Blairsville,PA,15717,US",40.4311796,-79.26086900000001
260,260,1952881609,SIBUS TREATMENT SERVICES,6170 HUNT CLUB RD,,ELKRIDGE,MD,21075-5518,2/26/2020,4438203234,"6170 hunt club rd,Elkridge,MD,21075,US",39.2005282,-76.7375414
261,261,1972056547,VCPHCS X LLC,2114 MIDPOINT DR UNIT 4,BHG FT COLLINS TREATMENT CENTER,FORT COLLINS,CO,80525-4324,1/1/2020,9702240495,"2114 midpoint dr unit 4,Fort collins,CO,80525,US",40.5666338,-105.0374524
262,262,1972661411,OPERATION PAR INC,6150 150TH AVE N,NATC CLEARWATER OPERATION PAR INC,CLEARWATER,FL,33760-2138,1/1/2020,7275074673,"6150 150th ave n,Clearwater,FL,33760,US",27.9081009,-82.7200092
263,263,1972880417,AUGUSTA ADDICTION ASSOCIATES,600 COMMERCIAL CT,STE A,SAVANNAH,GA,31406-3671,1/1/2020,9123524357,"600 commercial ct,Savannah,GA,31406,US",32.0056463,-81.1085313
264,264,1982215299,"PINNACLE TREATMENT CENTERS OH-XIII,",8500 BILSTEIN BLVD,,HAMILTON,OH,45015-2218,9/23/2021,5132859583,"8500 bilstein blvd,Hamilton,OH,45015,US",39.3436102,-84.51185500000001
265,265,1992031371,SHELBY COUNTY TREATMENT CENTER,750 HIGHWAY 31 S,,ALABASTER,AL,35007-4627,1/1/2020,2052160200,"750 highway 31 s,Alabaster,AL,35007,US",33.2129759,-86.7878581
266,266,1992758361,"START TREATMENT & RECOVERY CENTERS,",2191 3RD AVE,,NEW YORK,NY,10035-3520,1/1/2020,2123485650,"2191 3rd ave,New york,NY,10035,US",40.8079572,-73.9312302
